sublabel ,name,notice,furigana
燃やすゴミ,アイスノン,中が見える袋に入れる,あ
燃やすゴミ,アイロンプリント(昇華転写紙),中が見える袋に入れる,あ
燃やすゴミ,圧着はがき(親展はがき),中が見える袋に入れる,あ
燃やすゴミ,油紙,中が見える袋に入れる,あ
燃やすゴミ,油のついた紙,中が見える袋に入れる,あ
燃やすゴミ,雨具,中が見える袋に入れる,あ
燃やすゴミ,アルバム(紙製･プラスチック製),中が見える袋に入れる,あ
燃やすゴミ,アルバム(金属が付いているもの),金具を外して燃やすゴミへ。金具が外せないものは破砕埋め立てへ,あ
燃やすゴミ,アルミトレイ,,あ
燃やすゴミ,アルミ箔,中が見える袋に入れる,あ
燃やすゴミ,印鑑,中が見える袋に入れる,い
燃やすゴミ,インクリボン,中が見える袋に入れる,い
燃やすゴミ,植木の枝葉,太さ2cm以内 長さ30cm以内 束ねて紐でくくる,う
燃やすゴミ,ウエットスーツ,中が見える袋に入れる,う
燃やすゴミ,浮き輪、浮き袋,中が見える袋に入れる,う
燃やすゴミ,うちわ,中が見える袋に入れる,う
燃やすゴミ,運動靴,中が見える袋に入れる,う
燃やすゴミ,枝(剪定枝葉),太さ2cm以内 長さ30cm以内 束ねて紐でくくる,え
燃やすゴミ,絵の具チューブ(プラスチック製),中が見える袋に入れる,え
燃やすゴミ,MD(ケース含む),中が見える袋に入れる,え
燃やすゴミ,LD(レーザーディスク),中が見える袋に入れる,え
燃やすゴミ,園芸用殺虫剤(固形),中が見える袋に入れる,え
燃やすゴミ,鉛筆,中が見える袋に入れる,え
燃やすゴミ,おしゃぶり,中が見える袋に入れる,お
燃やすゴミ,落ち葉,中が見える袋に入れる,お
燃やすゴミ,オムツ,中が見える袋に入れる,お
燃やすゴミ,おもちゃ(金属が含まれていないもの),小さいものは燃やすゴミへ、大きいものは破砕埋立又は粗大へ,お
燃やすゴミ,カード(磁気カード),中が見える袋に入れる,か
燃やすゴミ,カーボン紙(複写伝票),中が見える袋に入れる,か
燃やすゴミ,貝殻,中が見える袋に入れる,か
燃やすゴミ,カセットテープ(ケース含む),中が見える袋に入れる,か
燃やすゴミ,カップ麺の容器(紙製),中が見える袋に入れる,か
燃やすゴミ,かつら,金具を外す　中が見える袋に入れる,か
燃やすゴミ,カバン,金具を外して燃えるゴミへ、金具が外せないものは粗大へ,か
燃やすゴミ,紙オムツ,中が見える袋に入れる,か
燃やすゴミ,紙コップ,中が見える袋に入れる,か
燃やすゴミ,紙製のカップ麺の容器,中が見える袋に入れる,か
燃やすゴミ,紙製の洗剤容器(箱含む),中が見える袋に入れる,か
燃やすゴミ,紙ねんど,中が見える袋に入れる,か
燃やすゴミ,髪の毛,中が見える袋に入れる,か
燃やすゴミ,カラオケのテープ(CD含む、ケース含む),中が見える袋に入れる,か
燃やすゴミ,皮製品,中が見える袋に入れる,か
燃やすゴミ,換気扇のフィルター,中が見える袋に入れる,か
燃やすゴミ,乾燥剤(食品に入っているもの、石灰など),中が見える袋に入れる,か
燃やすゴミ,感熱紙,中が見える袋に入れる,か
燃やすゴミ,感熱発泡紙(点字の紙やバースデーカードなど),中が見える袋に入れる,か
燃やすゴミ,木くず,中が見える袋に入れる,き
燃やすゴミ,キッチンマット,中が見える袋に入れる,き
燃やすゴミ,キャッシュカード,中が見える袋に入れる,き
燃やすゴミ,給油ポンプ,燃やすゴミに出す場合は中身が見える袋に入れる,き
燃やすゴミ,金･銀などの金属が箔押しされた紙,中が見える袋に入れる,き
燃やすゴミ,草(家の庭のものなど),土を取りできる限り枯らす。中の見える袋に入れる(畑の草などは畑で枯らすなどできる限り自家処理をお願いします。また、地域の清掃作業で出たものもできる限り地域で処理をお願いします。),く
燃やすゴミ,くし,中が見える袋に入れる,く
燃やすゴミ,串(竹製),中が見える袋に入れる,く
燃やすゴミ,薬のケース(錠剤用の袋),中が見える袋に入れる,く
燃やすゴミ,靴,金具が付いている靴は破砕埋め立てへ,く
燃やすゴミ,クッキングペーパー,中が見える袋に入れる,く
燃やすゴミ,クッション,燃やすゴミに出す場合は中が見える袋に入れる,く
燃やすゴミ,靴べら,金属が付いているものは破砕埋立へ,く
燃やすゴミ,クラッカー,中が見える袋に入れる,く
燃やすゴミ,クラフトテープ,中が見える袋に入れる,く
燃やすゴミ,クリーニングの袋,袋の中が個人のもので商品ではないので「容器包装プラ」には該当しない,く
燃やすゴミ,クレジットカード,中が見える袋に入れる,く
燃やすゴミ,クレヨン,中が見える袋に入れる,く
燃やすゴミ,クレンザー容器(紙製),金属を外す,く
燃やすゴミ,グローブ(野球),中が見える袋に入れる,く
燃やすゴミ,軍手,汚れたものは燃やすゴミへ,く
燃やすゴミ,携帯トイレ,中が見える袋に入れる,け
燃やすゴミ,携帯灰皿,燃やすゴミに出す場合は中が見える袋に入れる,け
燃やすゴミ,毛糸,中が見える袋に入れる,け
燃やすゴミ,結束バンド(PPバンド含む),長いものは1m以内に切る　中が見える袋に入れる,け
燃やすゴミ,ゲーム用ソフト(CD),中が見える袋に入れる,け
燃やすゴミ,ゲーム用ソフト(CD)の容器(箱など),中が見える袋に入れる,け
燃やすゴミ,下駄,中が見える袋に入れる,け
燃やすゴミ,玄関マット,燃やすゴミに出す場合は中が見える袋に入れる,け
燃やすゴミ,現像液,新聞紙などにしみこませる　中が見える袋に入れる,け
燃やすゴミ,鯉のぼり(紙製),中が見える袋に入れる,こ
燃やすゴミ,氷枕,金具を外す　中が見える袋に入れる,こ
燃やすゴミ,固形燃料,中が見える袋に入れる,こ
燃やすゴミ,コルク,中が見える袋に入れる,こ
燃やすゴミ,コンタクトレンズ(ケース含む),中が見える袋に入れる,こ
燃やすゴミ,コンパクトディスク(CD),中が見える袋に入れる,こ
燃やすゴミ,コンパクトディスク(CD)の容器(箱など),中が見える袋に入れる,こ
燃やすゴミ,ゴム製品を(タイヤ除く),短く切る　中が見える袋に入れる,こ
燃やすゴミ,ゴムホース,1m以内に切る　中が見える袋に入れる,こ
燃やすゴミ,財布,中が見える袋に入れる,さ
燃やすゴミ,サッカーボール,空気を抜く　中が見える袋に入れる,さ
燃やすゴミ,三角コーナー(プラスチック製),中が見える袋に入れる,さ
燃やすゴミ,サンダル,中が見える袋に入れる,さ
燃やすゴミ,CD(ケース含む),中が見える袋に入れる,し
燃やすゴミ,写真,中が見える袋に入れる,し
燃やすゴミ,しゃもじ(木製),中が見える袋に入れる,し
燃やすゴミ,将棋のこま,中が見える袋に入れる,し
燃やすゴミ,地下足袋,金具が付いているものは破砕埋立へ,し
燃やすゴミ,磁気カード,中が見える袋に入れる,し
燃やすゴミ,重箱,燃やすゴミに出す場合は中が見える袋に入れる,し
燃やすゴミ,定規(プラ製),中が見える袋に入れる,し
燃やすゴミ,除湿剤,中が見える袋に入れる,し
燃やすゴミ,人工芝,できるだけ小さくする　中が見える袋に入れる又は束ねて紐でくくる,し
燃やすゴミ,ストロー,中が見える袋に入れる,す
燃やすゴミ,砂(ペット用),中が見える袋に入れる,す
燃やすゴミ,スポンジ,中が見える袋に入れる,す
燃やすゴミ,スリッパ,中が見える袋に入れる,す
燃やすゴミ,生花(生け花),中が見える袋に入れる,せ
燃やすゴミ,生理用品,中が見える袋に入れる,せ
燃やすゴミ,石けん(固形･粉),中が見える袋に入れる,せ
燃やすゴミ,石けんの個別包装紙,中が見える袋に入れる,せ
燃やすゴミ,接着剤の容器,中が見える袋に入れる,せ
燃やすゴミ,セロハン(紙･テープ),中が見える袋に入れる,せ
燃やすゴミ,洗剤の容器(紙製),中が見える袋に入れる,せ
燃やすゴミ,扇子,中が見える袋に入れる,せ
燃やすゴミ,剪定枝葉,太さ2cm以内 長さ30cm以内 束ねて紐でくくる,せ
燃やすゴミ,ぞうり,中が見える袋に入れる,そ
燃やすゴミ,竹,太さ2cm以内 長さ30cm以内 束ねて紐でくくる,た
燃やすゴミ,竹串,中が見える袋に入れる,た
燃やすゴミ,たけのこの皮,,た
燃やすゴミ,タッパー(タッパーウェア),中が見える袋に入れる,た
燃やすゴミ,たまねぎのネット,中が見える袋に入れる,た
燃やすゴミ,脱臭剤,中が見える袋に入れる,た
燃やすゴミ,茶筒(木製、プラスチック製),中が見える袋に入れる,ち
燃やすゴミ,ちり紙,中が見える袋に入れる,ち
燃やすゴミ,積み木,中が見える袋に入れる,つ
燃やすゴミ,釣り糸,中が見える袋に入れる,つ
燃やすゴミ,定期入れ,中が見える袋に入れる,て
燃やすゴミ,テニスボール,中が見える袋に入れる,て
燃やすゴミ,テレホンカード,中が見える袋に入れる,て
燃やすゴミ,DVD(ケース含む),中が見える袋に入れる,て
燃やすゴミ,トイレのマット･カバー,中が見える袋に入れる,と
燃やすゴミ,トイレブラシ,中が見える袋に入れる,と
燃やすゴミ,トランプ,中が見える袋に入れる,と
燃やすゴミ,長靴,中が見える袋に入れる　鉄入りは粗大へ,な
燃やすゴミ,流し台の三角コーナー(プラスチック製),中が見える袋に入れる,な
燃やすゴミ,なべ敷き(布製･木製),中が見える袋に入れる,な
燃やすゴミ,荷ひも,短く切る　中が見える袋に入れる,に
燃やすゴミ,入浴剤の容器(紙製),中が見える袋に入れる,に
燃やすゴミ,庭木,太さ2cm以内 長さ30cm以内 束ねて紐でくくる,に
燃やすゴミ,人形,燃やすゴミに出す場合は中が見える袋に入れる,に
燃やすゴミ,人形ケース,燃やすゴミに出す場合は中が見える袋に入れる,に
燃やすゴミ,ぬいぐるみ(金属なし),中が見える袋に入れる　大きいものは粗大へ,ぬ
燃やすゴミ,ネガ,中が見える袋に入れる,ね
燃やすゴミ,猫砂(紙製),中が見える袋に入れる,ね
燃やすゴミ,粘着テープ、粘着シート,中が見える袋に入れる,ね
燃やすゴミ,ねんど(紙粘土)(家庭用),中が見える袋に入れる,ね
燃やすゴミ,ノーカーボン紙(複写伝票),中が見える袋に入れる,の
燃やすゴミ,はけ,金具が付いているものは破砕埋立へ,は
燃やすゴミ,花火,中が見える袋に入れる　未使用のものは十分水に濡らす,は
燃やすゴミ,歯ブラシ,中が見える袋に入れる,は
燃やすゴミ,はんこ,燃やすゴミに出す場合は中が見える袋に入れる,は
燃やすゴミ,はんてん(綿入り),中が見える袋に入れる,は
燃やすゴミ,ハンドバッグ,金属が外せないものは粗大へ,は
燃やすゴミ,バスケットボール,空気を抜く　中が見える袋に入れる,は
燃やすゴミ,バラン(弁当飾り･仕切り),中が見える袋に入れる,は
燃やすゴミ,肥料(液状),紙などにしみ込ませる　中が見える袋に入れる,ひ
燃やすゴミ,肥料(固形),中が見える袋に入れる,ひ
燃やすゴミ,ビーチサンダル,中が見える袋に入れる,ひ
燃やすゴミ,ビーチボール,空気を抜く　中が見える袋に入れる,ひ
燃やすゴミ,ビデオテープ(ケース含む),中が見える袋に入れる,ひ
燃やすゴミ,ビニールテープ,中が見える袋に入れる,ひ
燃やすゴミ,ファイル,金具を外す　中が見える袋に入れる,ふ
燃やすゴミ,ファックス用紙(感熱紙),中が見える袋に入れる,ふ
燃やすゴミ,フィルム(ネガ),中が見える袋に入れる,ふ
燃やすゴミ,フィルムを貼った紙,中が見える袋に入れる,ふ
燃やすゴミ,フォーク(プラスチック製),中が見える袋に入れる,ふ
燃やすゴミ,フロッピーディスク(ケース含む),中が見える袋に入れる,ふ
燃やすゴミ,プラスチックフィルムやアルミ箔などを貼り合わせた複合素材の紙,中が見える袋に入れる,ふ
燃やすゴミ,プラモデル,燃やすゴミに出す場合は中が見える袋に入れる,ふ
燃やすゴミ,ヘアーブラシ,燃やすゴミに出す場合は中が見える袋に入れる,へ
燃やすゴミ,ベルト,金属を外す　中が見える袋に入れる,へ
燃やすゴミ,弁当箱(プラスチック),中が見える袋に入れる,へ
燃やすゴミ,ペーパータオル,中が見える袋に入れる,へ
燃やすゴミ,ペット用の固まる砂,中が見える袋に入れる,へ
燃やすゴミ,保冷剤,中が見える袋に入れる,ほ
燃やすゴミ,ボールペン,燃やすゴミに出す場合は中が見える袋に入れる,ほ
燃やすゴミ,ポンプ(ポリタンク用),中が見える袋に入れる,ほ
燃やすゴミ,マーカーペン,中が見える袋に入れる,ま
燃やすゴミ,マジック,中が見える袋に入れる,ま
燃やすゴミ,マスク,中が見える袋に入れる,ま
燃やすゴミ,マッチ類,十分水に濡らす　中が見える袋に入れる,ま
燃やすゴミ,水まくら,水を抜く　金具を外す　中が見える袋に入れる,み
燃やすゴミ,メガネ(プラスチック製),中が見える袋に入れる,め
燃やすゴミ,綿棒,中が見える袋に入れる,め
燃やすゴミ,モップ(布部分),中が見える袋に入れる,も
燃やすゴミ,薬品(家庭医薬品),中が見える袋に入れる,や
燃やすゴミ,野菜の結束テープ,中が見える袋に入れる,や
燃やすゴミ,油性ペン,中が見える袋に入れる,ゆ
燃やすゴミ,洋服ブラシ,中が見える袋に入れる,よ
燃やすゴミ,ラップ類,中が見える袋に入れる,ら
燃やすゴミ,リュックサック,燃やすゴミに出す場合は中が見える袋に入れる,り
燃やすゴミ,両面テープ,中が見える袋に入れる,り
燃やすゴミ,レインコート,中が見える袋に入れる,れ
燃やすゴミ,レコード盤,中が見える袋に入れる,れ
燃やすゴミ,レンジ敷き,中が見える袋に入れる,れ
燃やすゴミ,練炭,中が見える袋に入れる,れ
燃やすゴミ,ローソク,中が見える袋に入れる,ろ
燃やすゴミ,ロープ,1m以内に切る　中が見える袋に入れる,ろ
燃やすゴミ,輪ゴム,中が見える袋に入れる,わ
燃やすゴミ,わた,中が見える袋に入れる,わ
燃やすゴミ,わら製品,中が見える袋に入れる,わ
燃やすゴミ,割り箸,中が見える袋に入れる,わ
燃やすゴミ,腕章,安全ピンを外す　中が見える袋に入れる,わ
生ゴミ,お茶の葉,指定の袋に入れる(生ごみ収集地区のみ),お
生ゴミ,コーヒー豆,指定の袋に入れる,こ
生ゴミ,粉ミルク,指定の袋に入れる,こ
生ゴミ,残飯,指定の袋に入れる(生ごみ収集地区のみ),さ
生ゴミ,たね(果物、植物),指定の袋に入れる(生ごみ収集地区のみ),た
生ゴミ,卵の殻,指定の袋に入れる(生ごみ収集地区のみ),た
生ゴミ,チーズ,指定の袋に入れる(生ごみ収集地区のみ),ち
生ゴミ,茶がら,指定の袋に入れる,ち
生ゴミ,生ゴミ,水俣市指定の袋に入れる。なるべく水気を切ってから出す。,ぬ
生ゴミ,ぬかどこ,指定の袋に入れる(生ごみ収集地区のみ),ぬ
生ゴミ,ペットフード,指定の袋に入れる(生ごみ収集地区のみ),ぺ
生ゴミ,野菜くず,指定の袋に入れる(生ごみ収集地区のみ),や
生ゴミ,料理くず,指定の袋に入れる(生ごみ収集地区のみ),り
容器包装プラ,アイスクリームの容器(プラ製),中が見える袋に入れる,あ
容器包装プラ,油の容器(ペット1のマーク以外のプラスチックボトル),軽く水洗いする　中が見える袋に入れる,あ
容器包装プラ,エアキャップ、エアクッション,中が見える袋に入れる,え
容器包装プラ,園芸用殺虫剤の容器(プラ製),軽く水洗いする　中が見える袋に入れる,え
容器包装プラ,買い物袋(プラ製),中が見える袋に入れる,か
容器包装プラ,菓子袋,中が見える袋に入れる,か
容器包装プラ,カップ麺の容器,軽く水洗いする　中が見える袋に入れる,か
容器包装プラ,キャップ(プラ製),中が見える袋に入れる,き
容器包装プラ,キャップ(ペットボトルのキャップ),中が見える袋に入れる,き
容器包装プラ,クレンザー容器(プラ製),中が見える袋に入れる,く
容器包装プラ,化粧品の容器(プラ製),軽く水洗いする　中が見える袋に入れる,け
容器包装プラ,ケチャップの容器(プラ製),軽く水洗いする　中が見える袋に入れる,け
容器包装プラ,サラダ油の容器,軽く水洗いする　中が見える袋に入れる,さ
容器包装プラ,シャンプーなどの容器,軽く水洗いする,し
容器包装プラ,しょう油の容器(プラ製),軽く水洗いする,し
容器包装プラ,食品トレー,軽く水洗いする　中が見える袋に入れる,し
容器包装プラ,食用油のプラスチック容器,軽く水洗いする　中が見える袋に入れる,し
容器包装プラ,洗剤の容器(プラ製),軽く水洗いする　中が見える袋に入れる,せ
容器包装プラ,ソースの容器(プラ製),軽く水洗いする　中が見える袋に入れる,そ
容器包装プラ,卵ケース,中が見える袋に入れる,た
容器包装プラ,卵のパック,中が見える袋に入れる,た
容器包装プラ,脱臭剤の容器,中が見える袋に入れる,た
容器包装プラ,調味料の容器,軽く水洗いする　キャップを外す　中が見える袋に入れる,ち
容器包装プラ,豆腐の容器,軽く水洗いする　中が見える袋に入れる,と
容器包装プラ,トレイ類,軽く水洗いする　中が見える袋に入れる,と
容器包装プラ,納豆の容器,軽く水洗いする　中が見える袋に入れる,と
容器包装プラ,入浴剤の容器(プラ製),軽く水洗いする　中が見える袋に入れる,に
容器包装プラ,海苔の容器(プラ製),軽く水洗いする　中が見える袋に入れる,の
容器包装プラ,発泡スチロール,大きいものは袋に入れず、そのまま出す,は
容器包装プラ,歯磨きチューブ,中身を使い切る　中が見える袋に入れる,は
容器包装プラ,肥料袋(プラ製),中が見える袋に入れる　農業んど事業用で使ったものは産業廃棄物になります,ひ
容器包装プラ,びんのふた(プラ製),中が見える袋に入れる,ひ
容器包装プラ,ビニール袋,中が見える袋に入れる,ひ
容器包装プラ,フィルムケース,中が見える袋に入れる,ふ
容器包装プラ,ふた(プラ製),中が見える袋に入れる,ふ
容器包装プラ,ふた(ペットボトルのふた),中が見える袋に入れる,ふ
容器包装プラ,プチプチ(気泡緩衝材),中が見える袋に入れる,ふ
容器包装プラ,プリンの容器,軽く水洗いする　中が見える袋に入れる,ふ
容器包装プラ,ペットボトル(ペット1のマーク以外のもの),軽く水洗いする　キャップを外す　中が見える袋に入れる,へ
容器包装プラ,芳香剤の容器(プラ製),軽く水洗いする　中が見える袋に入れる,ほ
容器包装プラ,ポリ袋,中が見える袋に入れる,ほ
容器包装プラ,マーガリンの容器(プラ製),軽く水洗いする　中が見える袋に入れる,ま
容器包装プラ,マヨネーズの容器(プラ製),軽く水洗いする　中が見える袋に入れる,ま
容器包装プラ,ミカンのネット,中が見える袋に入れる,み
容器包装プラ,目薬の容器,中が見える袋に入れる,め
容器包装プラ,ヨーグルトの容器(プラ製),軽く水洗いする　中が見える袋に入れる,よ
容器包装プラ,リンゴなどの発泡スチロールネット,中が見える袋に入れる,り
容器包装プラ,リンスの容器,ポンプ部分のスプリングを外す　スプリングが付いているポンプ部分は破砕埋立へ,り
容器包装プラ,レジ袋,中が見える袋に入れる　又は容器包装プラを入れる袋として使用する,れ
生きびん,一升瓶,水色の一升瓶、油を入れて使用した瓶、割れている瓶は雑びんへ,い
生きびん,ビール瓶,割れているものは雑びんへ,ひ
雑びん,油の容器(びん),割れているものは雑びんへ,あ
雑びん,梅干のびん,割れているものは雑びんへ,う
雑びん,薬のびん(消毒用、傷薬用),,く
雑びん,薬のびん(内服薬用),,く
雑びん,コーヒーなどのびん,割れているものは雑びんへ,こ
雑びん,酒カップ(ガラス製),,さ
雑びん,しょう油びん,割れているものは雑びんへ,し
雑びん,食用油のびん,軽く水洗いする,し
雑びん,ジャムびん,割れているものは雑びんへ,し
雑びん,ジュースびん(口元がねじ切りしてあるもの),割れているものは雑びんへ　キャップは破砕埋立へ,し
雑びん,調味料のびん,割れているものは雑びんへ,ち
雑びん,ドリンクびん,割れているものは雑びんへ,と
雑びん,海苔の容器(ガラス製),割れているものは雑びんへ,の
雑びん,みりんのびん,割れているものは雑びんへ,み
雑びん,焼き肉のタレのびん,割れているものは雑びんへ,や
雑びん,ラムネのびん,割れているものは雑びんへ,ら
雑びん,ワインびん,割れているものは雑びんへ,わ
雑びん,割れたびん,,わ
雑びん,ワンカップのびん,割れているものは雑びんへ,わ
空き缶,油の容器(缶),,あ
空き缶,アルミ缶,軽く水洗いする　アルミボトル缶のキャップは付けたままでよい,あ
空き缶,お茶の缶,,お
空き缶,菓子箱(缶),,か
空き缶,缶詰の缶,ふたは破砕埋立　缶詰切りを使う缶詰の蓋は付いたままでよい,か
空き缶,粉ミルクの缶,,こ
空き缶,食用油の缶,軽く水洗いする,し
空き缶,ジュース缶,軽く水洗いする,し
空き缶,スチール缶,さびついているもの、汚れのひどいものは破砕埋立へ,す
空き缶,茶筒(金属製),,ち
空き缶,調味料の缶,軽く水洗いする,ち
空き缶,入浴剤の容器(缶),,に
空き缶,海苔の缶,,の
空き缶,ビール缶,軽く水洗いする,び
空き缶,ヘアスプレー缶,中身を使い切る　穴を開けない　ふたは外して容器包装プラへ　アルミ缶の表示があってもスチール缶のコンテナへ,へ
空き缶,ペットフードの缶,取り外せるふたは破砕埋立へ,へ
空き缶,ボンベ(卓上コンロ用),中身を使い切る　穴は開けない,ほ
空き缶,ミルク缶,,み
空き缶,ワックスの缶,,わ
ペットボトル,酒類の容器(ペットボトル),キャップ、ラベルを外す　軽く水洗いする,さ
ペットボトル,ジュースのペットボトル,軽く水洗いする,し
ペットボトル,ペットボトル(ペット1のマークのもの),キャップ、ラベルを外す　軽く水洗いする,へ
雑誌・その他紙類,厚紙(菓子箱などの商品の箱),紙袋に入れる 又は束ねて紐でくくる 段ボール製の箱は段ボールとしてまとめて出す,あ
雑誌・その他紙類,絵本,束ねて紐でくくる,え
雑誌・その他紙類,買い物袋(紙製),他の紙ゴミを入れて出す 又は束ねて紐でくくる,か
雑誌・その他紙類,菓子箱(紙製),紙袋に入れる 又は束ねて紐でくくる,か
雑誌・その他紙類,菓子袋(紙製),紙袋に入れる 又は束ねて紐でくくる,か
雑誌・その他紙類,カタログ,紙袋に入れる 又は束ねて紐でくくる,か
雑誌・その他紙類,紙袋(表面がビニールのものも含む),他の紙ゴミを入れて出す 又は束ねて紐でくくる,か
雑誌・その他紙類,広告(チラシ),紙袋に入れる 又は束ねて紐でくくる,こ
雑誌・その他紙類,米袋,束ねて紐でくくる,こ
雑誌・その他紙類,雑誌,束ねて紐でくくる,さ
雑誌・その他紙類,チラシ,束ねて紐でくくる,ち
雑誌・その他紙類,ティッシュペーパーの箱,ビニールがついているものはビニールを外す,て
雑誌・その他紙類,電話帳,電話交換時に交換する　又は雑誌・その他紙類へ,て
雑誌・その他紙類,ノート,紙袋に入れる 又は束ねて紐でくくる,の
雑誌・その他紙類,パンフレット,紙袋に入れる 又は束ねて紐でくくる,は
雑誌・その他紙類,肥料袋(紙製),紙袋に入れる 又は束ねて紐でくくる 農業など事業用に使ったものは産業廃棄物となります。,ひ
雑誌・その他紙類,封筒,紙袋に入れる 又は束ねて紐でくくる,ふ
雑誌・その他紙類,古本,束ねて紐でくくる,ふ
雑誌・その他紙類,本,束ねて紐でくくる,ほ
雑誌・その他紙類,漫画本,束ねて紐でくくる,ま
雑誌・その他紙類,ラップの芯、外箱,外箱の金具を外す　中が見える袋に入れる,ら
雑誌・その他紙類,割り箸の袋,紙袋に入れる 又は雑誌などに挟む,わ
新聞チラシ,広告(チラシ),紙袋に入れる 又は束ねて紐でくくる,こ
新聞チラシ,新聞、チラシ,束ねて紐でくくる,し
新聞チラシ,チラシ,束ねて紐でくくる,ち
段ボール,段ボール,ホッチキス針は外さなくてもよい,た
紙パック(白),アイスクリームの容器(紙製),水で洗って乾かす,あ
紙パック(白),牛乳パック,軽く水洗いして開く 又は潰す。 または牛乳パックの回収拠点へ,き
紙パック(白),ヨーグルトの容器(紙製),軽く水洗いした後乾かして出す,よ
紙パック(銀),アルミ付き飲料用紙パック,中が見える袋に入れる,あ
紙パック(銀),酒パック,かるくすすいで乾かす,さ
紙パック(銀),酒類の容器(紙パック),中を洗って乾かした後、開く又は潰して出す,さ
布類(衣類),衣類(下着、手袋、靴下など含む),中が見える袋に入れる,い
布類(衣類),帯,中が見える袋に入れる,お
布類(衣類),カーテン,金具を外す 中が見える袋に入れる,か
布類(衣類),革ジャンパー(衣類),中が見える袋に入れる,か
布類(衣類),着物,中が見える袋に入れる,き
布類(衣類),靴下,中が見える袋に入れる,く
布類(衣類),軍手,汚れたものは燃やすゴミ,け
布類(衣類),毛皮,中が見える袋に入れる,こ
布類(衣類),鯉のぼり(布製),中が見える袋に入れる,こ
布類(衣類),コート,中が見える袋に入れる,こ
布類(衣類),座布団カバー,中が見える袋に入れる,さ
布類(衣類),シーツ,中が見える袋に入れる,し
布類(衣類),シートカバー(車用),金具は外さない 中が見える袋に入れる,し
布類(衣類),下着,中が見える袋に入れる,し
布類(衣類),スキーウェアー,中が見える袋に入れる,す
布類(衣類),ストッキング,中が見える袋に入れる,す
布類(衣類),タオル･タオルケット,中が見える袋に入れる,た
布類(衣類),テーブルクロス(布製),中が見える袋に入れる,て
布類(衣類),手袋,中が見える袋に入れる,て
布類(衣類),布類,中が見える袋に入れる,ぬ
布類(衣類),ネクタイ,中が見える袋に入れる,ね
布類(衣類),パンツ,中が見える袋に入れる,は
布類(衣類),布団カバー,中が見える袋に入れる,ふ
布類(衣類),古着,中が見える袋に入れる,ふ
布類(衣類),ブラジャー,金具は外さない,ふ
布類(衣類),帽子,中が見える袋に入れる,ほ
布類(衣類),毛布,中が見える袋に入れる 又は丸めて紐でくくる,も
布類(衣類),浴衣,中が見える袋に入れる,ゆ
布類(衣類),洋服,中が見える袋に入れる,よ
布類(衣類),ワイシャツ,中が見える袋に入れる,わ
電気コード類,延長コード,プラグの部分は切らずに出す,え
電気コード類,コード,プラグの部分は切らずに出す,こ
電気コード類,電気コード,プラグの部分は切らずに出す,て
蛍光管電球類,グロー球,,く
蛍光管電球類,蛍光管,割れているものも蛍光管類へ,け
蛍光管電球類,電球,割れているものも蛍光管類へ,て
蛍光管電球類,白熱電球,割れているものも蛍光管類へ,は
有害ゴミ,体温計(水銀式),,た
乾電池類,乾電池,,か
乾電池類,充電式乾電池,,し
乾電池類,電池,,て
乾電池類,ボタン電池,,ほ
小型家電,家庭用ゲーム機,コードを切る,か
小型家電,カーオーディオ,,か
小型家電,カーナビ,,か
小型家電,キーホルダーゲーム機,,き
小型家電,携帯電話,電池を外す 本体の中央に穴を開ける,け
小型家電,ゲームコントローラー,コードを切る,け
小型家電,ゲームソフト(CD-ROM除く),,け
小型家電,デジタルカメラ,電池を外す,て
小型家電,電子辞書,電池を外す,て
小型家電,電話機,コードを切る,て
小型家電,電話子機,コードを切る,て
小型家電,ビデオカメラ(ハンディ),,ひ
小型家電,ポータブル液晶テレビ,,ほ
小型家電,ポータブル音楽プレーヤー,,ほ
小型家電,ポータブルゲーム機,電池を外す,ほ
小型家電,モデム,,も
小型家電,リモコン,電池を外す,り
食用油,油,しょう油、ラードなどの調味料油は入れない,あ
食用油,サラダ油,,さ
食用油,天ぷら油,,て
破砕･埋立,アイスピック,,あ
破砕･埋立,アイロン,コードを外す,あ
破砕･埋立,アダプタ(電化製品･おもちゃ),コードを切る,あ
破砕･埋立,アルバム(金属が付いているもの),金具が外れるものは燃やすゴミへ,あ
破砕･埋立,アルミの皿,,あ
破砕･埋立,アルミの鍋,,あ
破砕･埋立,泡立て器(ミキサー),コードを切る,あ
破砕･埋立,安全靴,,あ
破砕･埋立,安全ピン,,あ
破砕･埋立,移植ごて,,い
破砕･埋立,板ガラス,,い
破砕･埋立,鋳物なべ,,い
破砕･埋立,イヤリング,,い
破砕･埋立,入れ歯,,い
破砕･埋立,インターホン,,い
破砕･埋立,ウォシュレット,,う
破砕･埋立,腕時計,,う
破砕･埋立,運動靴(スパイク),,う
破砕･埋立,枝切りばさみ,,え
破砕･埋立,絵の具チューブ(金属製),中身は新聞紙などにしみ込ませて燃やすゴミへ,え
破砕･埋立,LDプレイヤー,コードを切る,え
破砕･埋立,園芸用殺虫剤の容器(金属製),,え
破砕･埋立,延長コード(ドラム),コードを切る,え
破砕･埋立,鉛筆削り,コードを切る,え
破砕･埋立,オイル缶,軽く水洗いする,お
破砕･埋立,置き時計,電池を外す,お
破砕･埋立,桶(木製･プラスチック製･金属製),,お
破砕･埋立,お盆(木製･プラスチック製･金属製),,お
破砕･埋立,おもちゃ(金属が含まれていないもの),小さいものは燃やすゴミへ,お
破砕･埋立,おもちゃ(金属が含まれているもの),電池を外す,お
破砕･埋立,オルゴール,,お
破砕･埋立,おろしがね,,お
破砕･埋立,お椀(木製･プラスチック製),,お
破砕･埋立,温度計,,お
破砕･埋立,懐中電灯,電池を外す 電球を外す,か
破砕･埋立,カイロ(使い捨て),,か
破砕･埋立,鏡,,か
破砕･埋立,掛け時計,電池を外す,か
破砕･埋立,カスタネット,,か
破砕･埋立,カセットコンロ,ガスボンベを外す,か
破砕･埋立,カッターナイフ,,か
破砕･埋立,かなづち(小･家庭用),,か
破砕･埋立,金たわし,,か
破砕･埋立,花びん(陶器･プラ製),,か
破砕･埋立,釜,,か
破砕･埋立,カミソリ,,か
破砕･埋立,カメラ,電池を外す,か
破砕･埋立,換気扇,コードを切る,か
破砕･埋立,缶切り,,か
破砕･埋立,ガスコンロ(卓上),電池を外す,か
破砕･埋立,画鋲,,か
破砕･埋立,ガラス食器,,か
破砕･埋立,ガラス破片,,か
破砕･埋立,ガラス容器,,か
破砕･埋立,キーホルダー,,き
破砕･埋立,キッチンスケール(計量カップ),,き
破砕･埋立,キャップ(びんのふた),,き
破砕･埋立,急須,,き
破砕･埋立,給油ポンプ,,き
破砕･埋立,金魚鉢,,き
破砕･埋立,金庫(手さげ用),,き
破砕･埋立,釘,,く
破砕･埋立,くさり(小 犬のくさりなど),,く
破砕･埋立,串(金属製),,く
破砕･埋立,薬箱(木製･プラスチック製),,く
破砕･埋立,口紅容器(プラスチック製･金属製),,く
破砕･埋立,靴,金具が付いている場合は破砕埋立,く
破砕･埋立,靴べら(プラスチック製･金属製),金具が付いている場合は破砕埋立,く
破砕･埋立,熊手(手持ちのもの),,く
破砕･埋立,クリーニングの金属ハンガー,,く
破砕･埋立,クリップ,,く
破砕･埋立,グラウンドゴルフのボール,,く
破砕･埋立,グラス,,く
破砕･埋立,携帯灰皿,,け
破砕･埋立,計量器,,け
破砕･埋立,化粧品びん,,け
破砕･埋立,血圧計,電池を外す 水銀式の場合は蛍光管･電球類へ,け
破砕･埋立,けんざん(剣山),,け
破砕･埋立,鍵盤ハーモニカ,,け
破砕･埋立,顕微鏡,,け
破砕･埋立,ゲートボールのボール,,け
破砕･埋立,工具類,,こ
破砕･埋立,香水のびん,,こ
破砕･埋立,コーヒーメーカー,コードを切る,こ
破砕･埋立,コップ(プラスチック製･金属製･ガラス製),,こ
破砕･埋立,コルク抜き,,こ
破砕･埋立,コンセント,,こ
破砕･埋立,コンパクト(化粧道具),,こ
破砕･埋立,コンパス,,こ
破砕･埋立,碁石,,こ
破砕･埋立,ゴーグル,,こ
破砕･埋立,五番,,こ
破砕･埋立,ゴルフボール,,こ
破砕･埋立,錆びた缶,,さ
破砕･埋立,皿(プラスチック製･金属製･陶磁器製),,さ
破砕･埋立,三角コーナー(金属製),,さ
破砕･埋立,サングラス,,さ
破砕･埋立,ざる(金属類･金属以外),,さ
破砕･埋立,CDプレーヤー,コードを切る,し
破砕･埋立,CDラジカセ,コードを切る,し
破砕･埋立,シャープペンシル,,し
破砕･埋立,しゃもじ(プラスチック製･金属製),,し
破砕･埋立,食器(ガラス製･陶磁器製),,し
破砕･埋立,地下足袋(金具付き),,し
破砕･埋立,磁石,,し
破砕･埋立,ジューサーミキサー,コードを切る,し
破砕･埋立,重箱,,し
破砕･埋立,定規(金属製),,し
破砕･埋立,浄水器,電動のものはコードを切る,し
破砕･埋立,じょうろ(プラスチック製･金属製),,し
破砕･埋立,水筒(プラスチック製･金属製),,す
破砕･埋立,スキー靴,,す
破砕･埋立,スケート靴,,す
破砕･埋立,スコップ,,す
破砕･埋立,すずり,,す
破砕･埋立,スタンプ台,,す
破砕･埋立,ステッキ,,す
破砕･埋立,砂時計,,す
破砕･埋立,スパイクシューズ,,す
破砕･埋立,スパナ,,す
破砕･埋立,スプーン(プラスチック製･金属製),,す
破砕･埋立,墨(固形のもの),,す
破砕･埋立,すり鉢,,す
破砕･埋立,石油ポンプ,,せ
破砕･埋立,せともの(陶磁器),,せ
破砕･埋立,洗濯ばさみ,,せ
破砕･埋立,選定枝はさみ,,せ
破砕･埋立,栓抜き,,せ
破砕･埋立,洗面器,,せ
破砕･埋立,双眼鏡,,そ
破砕･埋立,ソケット,,そ
破砕･埋立,そろばん,,そ
破砕･埋立,造花(家庭用),,そ
破砕･埋立,体温計(電子式),水銀式のものは蛍光管･電球類へ,た
破砕･埋立,卓上コンロ,,た
破砕･埋立,たわし,,た
破砕･埋立,茶碗,,ち
破砕･埋立,中華なべ,,ち
破砕･埋立,チューブ(自転車用),,ち
破砕･埋立,彫刻刀,,ち
破砕･埋立,ちょうちん,,ち
破砕･埋立,ちりとり(プラスチック製･金属製),,ち
破砕･埋立,使い捨てカイロ,,つ
破砕･埋立,つぼ,,つ
破砕･埋立,爪切り,,つ
破砕･埋立,釣り針,,つ
破砕･埋立,手鏡,,て
破砕･埋立,電子式卓上計算機(電卓),電池を外す,て
破砕･埋立,天ぷらガード,,て
破砕･埋立,デジタル血圧計,電池を外す,て
破砕･埋立,電気アンカ,コードを切る,て
破砕･埋立,電気蚊取り機,コードを切る,て
破砕･埋立,電気カミソリ,コードを外す 電池を外す,て
破砕･埋立,電気ポット,コードを外す,て
破砕･埋立,電卓,,て
破砕･埋立,電動歯ブラシ,電池を外す,て
破砕･埋立,陶磁器,,と
破砕･埋立,トースター,コードを切る,と
破砕･埋立,時計(腕時計･掛け時計など),電池を外す,と
破砕･埋立,塗装容器,中身を使い切る,と
破砕･埋立,トランジスタラジオ,コードを外す 電池を外す,と
破砕･埋立,トロフィー,,と
破砕･埋立,土鍋,,と
破砕･埋立,ドライバー,,と
破砕･埋立,ドライフラワー,,と
破砕･埋立,ドライヤー,コードを切る,と
破砕･埋立,ナイフ類,,な
破砕･埋立,なべ(金属製･ホーロー),,な
破砕･埋立,鍋敷き(金属製),,な
破砕･埋立,人形,,に
破砕･埋立,人形ケース,,に
破砕･埋立,ぬいぐるみ(金属あり),電池を外す,ぬ
破砕･埋立,塗り薬のチューブ,,ぬ
破砕･埋立,ネジ,,ね
破砕･埋立,ねんど(油･家庭用),中が見える袋に入れる,ね
破砕･埋立,ノブ(ドアノブ),,の
破砕･埋立,ハーモニカ,,は
破砕･埋立,灰皿,,は
破砕･埋立,はかり(家庭用),,は
破砕･埋立,はけ,金具が付いている場合は破砕埋立へ,は
破砕･埋立,はさみ,,は
破砕･埋立,刃物,,は
破砕･埋立,針,,は
破砕･埋立,針金,,は
破砕･埋立,ハンガー(木製･プラスチック製･金属製),,は
破砕･埋立,はんこ,,は
破砕･埋立,飯ごう,,は
破砕･埋立,ハンドミキサー,コードを切る,は
破砕･埋立,バインダーファイル,,は
破砕･埋立,バリカン,コードを外す,は
破砕･埋立,バルサンの容器,中身を使い切る,は
破砕･埋立,ひげそり,電動の場合は電池･コードを外す,ひ
破砕･埋立,ビー玉,,ひ
破砕･埋立,ビデオカメラ,コードを外す,ひ
破砕･埋立,びんのふた(金属製),,ひ
破砕･埋立,ピアニカ,,ひ
破砕･埋立,ピンセット,,ひ
破砕･埋立,ファンシーケース,,ふ
破砕･埋立,風鈴,,ふ
破砕･埋立,笛(木製･プラスチック製･金属製),,ふ
破砕･埋立,フォーク(金属製),,ふ
破砕･埋立,ふた(金属製),,ふ
破砕･埋立,フライパン,,ふ
破砕･埋立,文鎮,,ふ
破砕･埋立,プラモデル,,ふ
破砕･埋立,ヘアードライヤー,コードを切る,へ
破砕･埋立,ヘアーブラシ,,へ
破砕･埋立,ヘッドホン,コードを切る,へ
破砕･埋立,ヘルメット,,へ
破砕･埋立,弁当箱(金属製),,へ
破砕･埋立,ペンキの缶,中身を使い切る,へ
破砕･埋立,ペンチ,,へ
破砕･埋立,ペンライト,電池を外す 電球を外す,へ
破砕･埋立,芳香剤の容器(金属製),,ほ
破砕･埋立,包丁,,ほ
破砕･埋立,包丁研ぎ器,,ほ
破砕･埋立,ボール(台所用),,ほ
破砕･埋立,ホーロー鍋,,ほ
破砕･埋立,ホチキス,,ほ
破砕･埋立,ホッカイロ,,ほ
破砕･埋立,哺乳瓶(プラスチック製･ガラス製),ゴム･プラスチックを外す,ほ
破砕･埋立,望遠鏡,,ほ
破砕･埋立,ボール(野球用･ゴルフ用など),,ほ
破砕･埋立,ボールペン,,ほ
破砕･埋立,ポット,コードを切る,ほ
破砕･埋立,麻雀牌,,ま
破砕･埋立,マイク,コードを切る,ま
破砕･埋立,マウス(パソコン･ワープロ),コードを切る,ま
破砕･埋立,巻き尺,,ま
破砕･埋立,まな板,,ま
破砕･埋立,マニキュアピン,,ま
破砕･埋立,万年筆,,ま
破砕･埋立,万歩計,,ま
破砕･埋立,磨き剤の容器,,み
破砕･埋立,ミシン針,,み
破砕･埋立,ミニカー(おもちゃ),電動式は電池を外す,み
破砕･埋立,虫かご(木製･プラスチック製･金属製),,む
破砕･埋立,蒸し器(金属製),,む
破砕･埋立,虫眼鏡,,む
破砕･埋立,無線機,コード･電池を外す,む
破砕･埋立,メガネ(ガラス製),,め
破砕･埋立,メガホン,,め
破砕･埋立,目覚まし時計,コード･電池を外す,め
破砕･埋立,メジャー,,め
破砕･埋立,やかん,,や
破砕･埋立,野球ボール,,や
破砕･埋立,やすり,,や
破砕･埋立,湯たんぽ,,ゆ
破砕･埋立,湯飲み茶碗,,ゆ
破砕･埋立,ライター(使い捨て),ガスを抜く,ら
破砕･埋立,ラジオ･ラジカセ,コード･電池を外す,ら
破砕･埋立,ラジコン,電池を外す,ら
破砕･埋立,ランチジャー,,ら
破砕･埋立,ランプ,,ら
破砕･埋立,リール(釣り用),,り
破砕･埋立,リコーダー(縦笛),,り
破砕･埋立,ルーズリーフ(文具),,る
破砕･埋立,ルーペ(虫めがね),,る
破砕･埋立,レコード針,,れ
破砕･埋立,レンズ,,れ
破砕･埋立,ローラースケート,,ろ
破砕･埋立,割れたガラス,,ろ
スプレー缶類,カセットボンベ(卓上),中身を使い切る 穴は開けない,か
スプレー缶類,殺虫剤スプレー缶,中身を使い切る 穴は開けない,さ
スプレー缶類,消臭スプレー缶,中身を使い切る 穴を開けない,し
スプレー缶類,スプレー缶,中身を使い切る 穴を開けない　ふたは外して容器包装プラへ,す
スプレー缶類,ヘアスプレー缶,中身を使い切る 穴は空けない,へ
粗大ゴミ,アイロン台,,あ
粗大ゴミ,アコーディオンカーテン,丸めて紐でくくる,あ
粗大ゴミ,足拭きマット,,あ
粗大ゴミ,アタッシュケース,,あ
粗大ゴミ,圧縮袋(布団･衣類用),,あ
粗大ゴミ,圧力鍋,,あ
粗大ゴミ,網(金属製),,あ
粗大ゴミ,編み機,コードを切る,あ
粗大ゴミ,網戸(網),丸めて紐でくくる,あ
粗大ゴミ,あんか,,あ
粗大ゴミ,アンテナ,長さ1m以内,あ
粗大ゴミ,アンプ(オーディオ),コードを切る,あ
粗大ゴミ,い草カーペット,丸めて紐でくくる,い
粗大ゴミ,衣装ケース(プラスチック製･金属製),,い
粗大ゴミ,衣装の缶,,い
粗大ゴミ,椅子(木製･金属製),,い
粗大ゴミ,板切れ,厚み5cm以内 幅80cm以内 長さ1m以内,い
粗大ゴミ,一輪車(遊具･運搬用),,い
粗大ゴミ,一斗缶,5個以内,い
粗大ゴミ,犬小屋(木製･プラスチック製･金属製),,い
粗大ゴミ,ウィンドーファン(フロン無し),コードを切る,う
粗大ゴミ,ウィンドサーフボード,,う
粗大ゴミ,植木鉢(プラスチック製･焼き物製),太さ5cm以内 長さ1m以内 束ねて紐でくくる,う
粗大ゴミ,植木の枝,,う
粗大ゴミ,ウッドカーペット,丸めて紐でくくる,う
粗大ゴミ,ウッドデッキ,,う
粗大ゴミ,乳母車,,う
粗大ゴミ,羽毛布団,丸めて紐でくくる,う
粗大ゴミ,エアーベッド,空気を抜く,え
粗大ゴミ,エアマット,,え
粗大ゴミ,エスロンパイプ,長さ1m以内,え
粗大ゴミ,LDプレーヤー,コードを切る,え
粗大ゴミ,塩ビ管,1m以内に切断する,え
粗大ゴミ,オイル缶,軽く水洗いする,お
粗大ゴミ,応接セット(スプリングなし),できるだけ分解する,お
粗大ゴミ,オーディオラック(木製･金属製),,お
粗大ゴミ,オーブン(ガス式･電気式),,お
粗大ゴミ,オーブントースター,コードを切る,お
粗大ゴミ,オーブンレンジ,コードを切る,お
粗大ゴミ,桶(木製･プラスチック製･金属製),,お
粗大ゴミ,おまる,,お
粗大ゴミ,おもちゃ(金属が含まれないもの),小さいものは燃やすゴミ,お
粗大ゴミ,おもちゃ(金属が含まれるもの),電池を外す,お
粗大ゴミ,温風ヒーター(ガス式･電気式･灯油式),コードを切る,お
粗大ゴミ,カーテンレール,1辺の長さが1m以内,か
粗大ゴミ,カーペット,丸めて紐でくくる,か
粗大ゴミ,鏡,,か
粗大ゴミ,掛け時計,電池を外す,か
粗大ゴミ,傘,,か
粗大ゴミ,傘立て(木製･プラスチック製･金属製),,か
粗大ゴミ,加湿器,コードを切る,か
粗大ゴミ,カセットデッキ,コードを切る,か
粗大ゴミ,カバン,金具が外せる場合は燃やすゴミへ,か
粗大ゴミ,鎌,,か
粗大ゴミ,カラーボックス,できるだけ分解する,か
粗大ゴミ,カラオケセット,コードを切る,か
粗大ゴミ,換気扇,コードを切る,か
粗大ゴミ,乾燥機(食器用),コードを切る,か
粗大ゴミ,学習机,,か
粗大ゴミ,額縁(木製･金属製),,か
粗大ゴミ,ガスオーブン(キッチンに組み込まれていないもの),,か
粗大ゴミ,ガスコンロ(卓上),電池を外す,か
粗大ゴミ,ガスストーブ,,か
粗大ゴミ,ガス台,,か
粗大ゴミ,ガステーブル(コンロ),,か
粗大ゴミ,ガスバーナー(ガスボンベタイプ含む),,か
粗大ゴミ,キーボード(鍵盤楽器),コードを切る,き
粗大ゴミ,キーボード(パソコン),コードを切る,き
粗大ゴミ,キックボード,,き
粗大ゴミ,木づち,,き
粗大ゴミ,キッチンワゴン,,き
粗大ゴミ,杵(きね),,き
粗大ゴミ,脚立,1m以内 超えるものは収集不可,き
粗大ゴミ,キャンプ用テント,,き
粗大ゴミ,鏡台(ドレッサー),,き
粗大ゴミ,金魚鉢,,き
粗大ゴミ,金庫(手さげ用),,き
粗大ゴミ,金属バット,,き
粗大ゴミ,ギター(木製･エレキ),,き
粗大ゴミ,空気入れ(自転車･浮き輪用),,く
粗大ゴミ,空気清浄機,コードを切る,く
粗大ゴミ,クーハン(赤ちゃんを運ぶかご),,く
粗大ゴミ,クーラーバック,,く
粗大ゴミ,クーラーボックス,,く
粗大ゴミ,クッション,,く
粗大ゴミ,クリスマスツリー,,く
粗大ゴミ,車椅子,,く
粗大ゴミ,グラウンドゴルフスティック,,く
粗大ゴミ,計量器,,け
粗大ゴミ,ケージ(ストーブ用･幼児用･犬用など),,け
粗大ゴミ,健康器具(体重測定器など),,け
粗大ゴミ,剣道の防具,,け
粗大ゴミ,鍵盤ハーモニカ,,け
粗大ゴミ,ゲートボールスティック,,け
粗大ゴミ,下駄箱,1辺1.5mを超えないように分解する,け
粗大ゴミ,玄関マット,,け
粗大ゴミ,工具箱,,こ
粗大ゴミ,コードリール,コードを外す,こ
粗大ゴミ,こたつ,コードを外す できるだけ分解する,こ
粗大ゴミ,こたつ板,,こ
粗大ゴミ,こたつ敷き,丸めて紐でくくる,こ
粗大ゴミ,こたつ布団,丸めて紐でくくる,こ
粗大ゴミ,コピー機(家庭用),コードを切る,こ
粗大ゴミ,米びつ(プラスチック製･金属製),,こ
粗大ゴミ,コルクボード,金属を外す,こ
粗大ゴミ,コンテナ(家庭用),,こ
粗大ゴミ,コンポ,コードを切る,こ
粗大ゴミ,コンポスト容器,,こ
粗大ゴミ,コンロ,カセットボンベと電池を外す,こ
粗大ゴミ,ござ,丸めて紐でくくる,こ
粗大ゴミ,ゴミ箱(プラスチック製･金属製),,こ
粗大ゴミ,ゴルフクラブ,,こ
粗大ゴミ,ゴルフバック,,こ
粗大ゴミ,サイドボード,できるだけ分解する,さ
粗大ゴミ,三脚,,さ
粗大ゴミ,三輪自転車,,さ
粗大ゴミ,座椅子(木製･金属製),,さ
粗大ゴミ,座布団,,さ
粗大ゴミ,CDラジカセ,コードを切る,し
粗大ゴミ,シート,丸めて紐でくくる,し
粗大ゴミ,七輪,,し
粗大ゴミ,収納ケース(プラスチック製･金属製),,し
粗大ゴミ,瞬間湯沸かし器(小型),,し
粗大ゴミ,将棋盤,直径5cm以上のものは収集不可,し
粗大ゴミ,障子,できるだけ分解する,し
粗大ゴミ,照明器具,コードを切る 電球を外す,し
粗大ゴミ,食卓(テーブル),できるだけ分解する,し
粗大ゴミ,食器乾燥機,コードを切る,し
粗大ゴミ,食器洗浄機,コードを切る,し
粗大ゴミ,食器棚,できるだけ分解する,し
粗大ゴミ,ショッピングカー,,し
粗大ゴミ,シルバーカー(手押し車),,し
粗大ゴミ,自転車,,し
粗大ゴミ,自転車のチューブ類,,し
粗大ゴミ,ジャー(保温用),コードを切る,し
粗大ゴミ,じゅうたん,丸めて紐でくくる,し
粗大ゴミ,浄水器,電動の場合はコードを切る,し
粗大ゴミ,じょうろ(プラスチック製･金属製),,し
粗大ゴミ,除湿機,コードを切る,し
粗大ゴミ,水槽(プラスチック製･ガラス製),,す
粗大ゴミ,炊飯器,コードを切る,す
粗大ゴミ,スーツケース,,す
粗大ゴミ,スキー板,,す
粗大ゴミ,スキーのストック,,す
粗大ゴミ,スキャナー,コードを切る,す
粗大ゴミ,すだれ,丸めて紐でくくる,す
粗大ゴミ,スチール整理棚,全ての辺を1.5m以内に分解する,す
粗大ゴミ,スチール机,全ての辺を1.5m以内に分解する,す
粗大ゴミ,スツール(家具),,す
粗大ゴミ,ステッキ,,す
粗大ゴミ,ステレオ,コードを切る 小型家電を除く,す
粗大ゴミ,ステンレスジャー,コードを切る,す
粗大ゴミ,ステンレスパイプ棚,全ての辺を1.5m以内に分解する,す
粗大ゴミ,ストーブ(ガス),コードを切る,す
粗大ゴミ,ストーブ(石油),灯油を抜く 電池を外す,す
粗大ゴミ,ストーブ(電気),コードを切る,す
粗大ゴミ,スノーボード,,す
粗大ゴミ,すのこ,,す
粗大ゴミ,スピーカー,コードを切る,す
粗大ゴミ,すべり台(プラスチック製･金属製),,す
粗大ゴミ,ズボンプレッサー,,す
粗大ゴミ,石油ファンヒーター,コードを切る,せ
粗大ゴミ,石油ポンプ,,せ
粗大ゴミ,セラミックヒーター,コードを切る,せ
粗大ゴミ,洗濯かご,,せ
粗大ゴミ,扇風機,コードを切る,せ
粗大ゴミ,洗面器,,せ
粗大ゴミ,洗面台,全ての辺を1.5m以内に分解する,せ
粗大ゴミ,掃除機,コードを切る,そ
粗大ゴミ,ソファー(スプリング無し),,そ
粗大ゴミ,そり(遊戯用),,そ
粗大ゴミ,体重計,電池を外す,た
粗大ゴミ,大正琴,,た
粗大ゴミ,高枝切りばさみ,,た
粗大ゴミ,タキロン(波板),1m以内に切る,た
粗大ゴミ,卓上コンロ,電池、ガスボンベを外す,た
粗大ゴミ,竹,太さ5cm以内 長さ1m以内 束ねて紐でくくる,た
粗大ゴミ,卓球台,,た
粗大ゴミ,たらい(木製･プラスチック製･金属製),,た
粗大ゴミ,樽,,た
粗大ゴミ,タンス,できるだけ解体する,た
粗大ゴミ,台車,,た
粗大ゴミ,地球儀,,ち
粗大ゴミ,チャイルドシート,,ち
粗大ゴミ,チューナー(オーディオ),コードを切る,ち
粗大ゴミ,ちり取り(プラスチック製･金属製),,ち
粗大ゴミ,ついたて,全ての辺を1.5m以内に分解する,つ
粗大ゴミ,杖(木製･金属製),,つ
粗大ゴミ,机,できるだけ分解する,つ
粗大ゴミ,つぼ,,つ
粗大ゴミ,釣り竿,,つ
粗大ゴミ,テープデッキ,コードを切る,て
粗大ゴミ,テーブル,できるだけ分解する,て
粗大ゴミ,テーブルクロス(布以外),丸めて紐でくくる,て
粗大ゴミ,テープレコーダー,コードを切る,て
粗大ゴミ,手押し車,,て
粗大ゴミ,鉄板(家庭用),,て
粗大ゴミ,テニスラケット,,て
粗大ゴミ,テレビアンテナ,,て
粗大ゴミ,テレビ台,全ての辺を1.5m以内に分解する,て
粗大ゴミ,テント(キャンプ用),,て
粗大ゴミ,デスクマット,丸めて紐でくくる,て
粗大ゴミ,デッキブラシ,,て
粗大ゴミ,電気カーペット,コードを切る 丸めて紐でくくる,て
粗大ゴミ,電気こたつ,コードを外す,て
粗大ゴミ,電気炊飯器,コードを外す,て
粗大ゴミ,電気スタンド,コードを切る 電球を外す,て
粗大ゴミ,電気ストーブ,コードを切る,て
粗大ゴミ,電気ポット,コードを外す,て
粗大ゴミ,電気毛布,コードを切る 丸めて紐でくくる,て
粗大ゴミ,電気餅つき器,コードを切る,て
粗大ゴミ,電子オルガン,コードを切る,て
粗大ゴミ,電子ジャー,コードを切る,て
粗大ゴミ,電磁調理器,コードを切る,て
粗大ゴミ,電子ピアノ,コードを切る,て
粗大ゴミ,電子レンジ,コードを切る,て
粗大ゴミ,電動ミシン,コードを切る,て
粗大ゴミ,トイレのファン(家庭用),コードを切る,と
粗大ゴミ,灯油タンク(ポリタンク),,と
粗大ゴミ,時計(腕時計、掛け時計など),電池を外す,と
粗大ゴミ,塗装容器,中身を使い切る,と
粗大ゴミ,戸棚,できるだけ分解する,と
粗大ゴミ,トタン(金属製･樹脂製),建築工事に伴うものは収集しない,と
粗大ゴミ,トランク(カバン),,と
粗大ゴミ,鳥かご,,と
粗大ゴミ,トロフィー,,と
粗大ゴミ,土鍋,,と
粗大ゴミ,ドレッサー(鏡台),,と
粗大ゴミ,生ゴミ処理機,コードを切る,な
粗大ゴミ,縄,丸めて紐でくくる,な
粗大ゴミ,二段ベット,できるだけ分解する,に
粗大ゴミ,庭木,太さ5cm以内 長さ1m以内 束ねて紐でくくる,に
粗大ゴミ,寝袋,,ね
粗大ゴミ,のこぎり,,の
粗大ゴミ,柱時計,電池を外す,は
粗大ゴミ,ハロゲンヒーター,コードを切る,は
粗大ゴミ,ハンドバック,金属が外せる場合は燃えるゴミへ,は
粗大ゴミ,バーベキューコンロ,種類によっては収集不可,は
粗大ゴミ,バーベキュー用金網,,は
粗大ゴミ,バーベキュー用鉄板,,は
粗大ゴミ,バケツ(プラスチック製･金属製),,は
粗大ゴミ,バット(木製･金属製),,は
粗大ゴミ,パイプ椅子,,は
粗大ゴミ,パイプハンガー,できるだけ分解する,は
粗大ゴミ,パイプベット,できるだけ分解する,は
粗大ゴミ,パネルヒーター,コードを切る,は
粗大ゴミ,火鉢,,ひ
粗大ゴミ,ビーチパラソル,,ひ
粗大ゴミ,ビデオデッキ,コードを切る,ひ
粗大ゴミ,ビニールシート,丸めて紐でくくる,ひ
粗大ゴミ,ビニールホース,丸めて紐でくくる,ひ
粗大ゴミ,ファックス,コードを切る,ふ
粗大ゴミ,ファンシーケース,,ふ
粗大ゴミ,ファンヒーター,コードを切る,ふ
粗大ゴミ,ふすま,全ての辺を1.5m以内に分解する,ふ
粗大ゴミ,布団,丸めて紐でくくる,ふ
粗大ゴミ,布団乾燥機,コードを切る,ふ
粗大ゴミ,風呂のふた(プラスチック製),丸めて紐でくくる,ふ
粗大ゴミ,風呂マット,丸めて紐でくくる,ふ
粗大ゴミ,噴霧器(家庭用),,ふ
粗大ゴミ,ブラインド,丸めて紐でくくる,ふ
粗大ゴミ,ブランコ(プラスチック製),1m以内,ふ
粗大ゴミ,ブルーシート,丸めて紐でくくる,ふ
粗大ゴミ,プラスチック製収納ケース,,ふ
粗大ゴミ,プランター,,ふ
粗大ゴミ,プリンター,コードを切る,ふ
粗大ゴミ,プレイヤー(オーディオ),コードを切る,ふ
粗大ゴミ,ヘルスメーター,電池を外す,へ
粗大ゴミ,ベッド(スプリング無し),できるだけ分解する,へ
粗大ゴミ,ベニヤ板,1m以内に切る 事業系は産業廃棄物,へ
粗大ゴミ,ベビーカー,,へ
粗大ゴミ,ベビーチェアー,,へ
粗大ゴミ,ベビーベット,できるだけ分解する,へ
粗大ゴミ,便座,,へ
粗大ゴミ,ほうき,,ほ
粗大ゴミ,ホース(散水用),丸めて紐でくくる,ほ
粗大ゴミ,ホースリール,,ほ
粗大ゴミ,歩行器,,ほ
粗大ゴミ,ホットカーペット,コードを切る 丸めて紐でくくる,ほ
粗大ゴミ,ホットプレート,コードを切る,ほ
粗大ゴミ,ホワイトボード,,ほ
粗大ゴミ,本立て(プラスチック製･金属製),できるだけ分解する,ほ
粗大ゴミ,盆(木製･プラスチック製･金属製),できるだけ分解する,ほ
粗大ゴミ,ポリタンク容器,,ほ
粗大ゴミ,ポンプ(水槽、風呂用など),,ほ
粗大ゴミ,麻雀マット,丸めて紐でくくる,ま
粗大ゴミ,枕,布類(衣類)と一緒にしないでください,ま
粗大ゴミ,マットカバー,丸めて紐でくくる,ま
粗大ゴミ,マットレス(スプリング無し),,ま
粗大ゴミ,松葉杖,,ま
粗大ゴミ,ミキサー,コードを切る,み
粗大ゴミ,ミシン(ポータブル式),コードを切る,み
粗大ゴミ,蒸し器(木製),,む
粗大ゴミ,むしろ,束ねて紐でくくる,む
粗大ゴミ,木材,太さ5m以内 幅80cm以内 長さ1m以内,も
粗大ゴミ,餅つき機,コードを切る,も
粗大ゴミ,モップの柄,,も
粗大ゴミ,物干し竿,,も
粗大ゴミ,湯沸かし器(台所用),,ゆ
粗大ゴミ,洋服ダンス,できるだけ分解する,よ
粗大ゴミ,よしず(日よけ),1m以内に切り、丸めて紐でくくる,よ
粗大ゴミ,ラケット,,ら
粗大ゴミ,ラジオ･ラジカセ,コードを切る 電池を外す,ら
粗大ゴミ,ラジコン,電池を外す,ら
粗大ゴミ,ラミネーター(ラミネートするプリンター),コードを外す,ら
粗大ゴミ,ランドセル,,ら
粗大ゴミ,リュックサック,,り
粗大ゴミ,ルーフボックス(車用),,る
粗大ゴミ,レジャーシート,丸めて紐でくくる 小さいものは燃やすゴミへ,れ
粗大ゴミ,レンジ(電子･ガス),コードを切る,れ
粗大ゴミ,ロールカーテン,,ろ
粗大ゴミ,ロッカー,,ろ
粗大ゴミ,ワープロ,コードを切る,わ
粗大ゴミ,ワゴン(キッチン),,わ
粗大ゴミ,和たんす,全ての辺を1.5m以内に分解する,わ
